Workbook
Name Slicer_admission_type: #N/A
Name Slicer_Age_Group: #N/A
Name Slicer_BMI_Category: #N/A
Name Slicer_gender: #N/A

Sheet Patients by Diagnosis
A3: Row Labels | B3: Count of patient_age
A4: Cardiology | B4: 3491
A5: Endocrinology | B5: 2581
A6: Orthopedics | B6: 1445
A7: Respiratory | B7: 2483
A8: Grand Total | B8: 10000

Sheet Patients by Admission Type
A3: Row Labels | B3: Count of patient_age
A4: Elective | B4: 3073
A5: Emergency | B5: 3925
A6: Urgent | B6: 3002
A7: Grand Total | B7: 10000

Sheet Gender Distribution
A3: Row Labels | B3: Count of patient_age
A4: Female | B4: 5023
A5: Male | B5: 4977
A6: Grand Total | B6: 10000

Sheet Readmission
A3: Row Labels | B3: Count of patient_age
A4: No | B4: 8798
A5: Yes | B5: 1202
A6: Grand Total | B6: 10000

Sheet BMI Category
A3: Row Labels | B3: Count of patient_age
A4: Normal | B4: 3038
A5: Obese | B5: 3084
A6: Overweight | B6: 3503
A7: Underweight | B7: 375
A8: Grand Total | B8: 10000

Sheet healthcare_patients
A1: patient_age | B1: gender | C1: bmi | D1: systolic_bp | E1: diastolic_bp | F1: cholesterol_mg_dl | G1: fasting_blood_sugar | H1: heart_rate_bpm | I1: previous_admissions | J1: admission_type | K1: primary_diagnosis | L1: medication_adherence | M1: length_of_stay_days | N1: treatment_cost_usd | O1: readmission_30_days | P1: Age_Group | Q1: BMI_Category | R1: Blood Pressure Status | S1: Cost Category
A2: 62 | B2: Male | C2: 35.3 | D2: 140 | E2: 83 | F2: 255.7 | G2: 151.2 | H2: 80 | I2: 3 | J2: Elective | K2: Respiratory | L2: Medium | M2: 11.6 | N2: 16478.61 | O2: No | P2: =IF(A3<30,"18-29",IF(A3<45,"30-44",IF(A3<60,"45-59",IF(A3<75,"60-74","75+")))) -> 60-74 | Q2: =IF(PatientData[[#This Row],[bmi]]<18.5,"Underweight", IF(PatientData[[#This Row],[bmi]]<25,"Normal", IF(PatientData[[#This Row],[bmi]]<30,"Overweight","Obese"))) -> Obese | R2: =IF(AND(D2<120,E2<80),"Normal BP","High BP") -> High BP | S2: =IF(N2>15000,"High Cost","Normal Cost") -> High Cost
A3: 62 | B3: Female | C3: 10 | D3: 120 | E3: 75 | F3: 218.9 | G3: 122.4 | H3: 60 | I3: 0 | J3: Elective | K3: Endocrinology | L3: Low | M3: 7.1 | N3: 10867.76 | O3: No | P3: =IF(A3<30,"18-29",IF(A3<45,"30-44",IF(A3<60,"45-59",IF(A3<75,"60-74","75+")))) -> 60-74 | Q3: =IF(PatientData[[#This Row],[bmi]]<18.5,"Underweight", IF(PatientData[[#This Row],[bmi]]<25,"Normal", IF(PatientData[[#This Row],[bmi]]<30,"Overweight","Obese"))) -> Underweight | R3: =IF(AND(D3<120,E3<80),"Normal BP","High BP") -> High BP | S3: =IF(N3>15000,"High Cost","Normal Cost") -> Normal Cost
A4: 58 | B4: Female | C4: 10 | D4: 119 | E4: 77 | F4: 225.9 | G4: 99.9 | H4: 82 | I4: 0 | J4: Urgent | K4: Cardiology | L4: Medium | M4: 4.4 | N4: 10949.07 | O4: No | P4: =IF(A4<30,"18-29",IF(A4<45,"30-44",IF(A4<60,"45-59",IF(A4<75,"60-74","75+")))) -> 45-59 | Q4: =IF(PatientData[[#This Row],[bmi]]<18.5,"Underweight", IF(PatientData[[#This Row],[bmi]]<25,"Normal", IF(PatientData[[#This Row],[bmi]]<30,"Overweight","Obese"))) -> Underweight | R4: =IF(AND(D4<120,E4<80),"Normal BP","High BP") -> Normal BP | S4: =IF(N4>15000,"High Cost","Normal Cost") -> Normal Cost
A5: 85 | B5: Female | C5: 10 | D5: 155 | E5: 92 | F5: 255.3 | G5: 169.8 | H5: 87 | I5: 2 | J5: Emergency | K5: Endocrinology | L5: High | M5: 12.9 | N5: 23216.46 | O5: No | P5: =IF(A5<30,"18-29",IF(A5<45,"30-44",IF(A5<60,"45-59",IF(A5<75,"60-74","75+")))) -> 75+ | Q5: =IF(PatientData[[#This Row],[bmi]]<18.5,"Underweight", IF(PatientData[[#This Row],[bmi]]<25,"Normal", IF(PatientData[[#This Row],[bmi]]<30,"Overweight","Obese"))) -> Underweight | R5: =IF(AND(D5<120,E5<80),"Normal BP","High BP") -> High BP | S5: =IF(N5>15000,"High Cost","Normal Cost") -> High Cost
A6: 55 | B6: Male | C6: 26.6 | D6: 123 | E6: 73 | F6: 193.9 | G6: 126.8 | H6: 68 | I6: 0 | J6: Urgent | K6: Respiratory | L6: Medium | M6: 2 | N6: 5073.79 | O6: No | P6: =IF(A3<30,"18-29",IF(A3<45,"30-44",IF(A3<60,"45-59",IF(A3<75,"60-74","75+")))) -> 60-74 | Q6: =IF(PatientData[[#This Row],[bmi]]<18.5,"Underweight", IF(PatientData[[#This Row],[bmi]]<25,"Normal", IF(PatientData[[#This Row],[bmi]]<30,"Overweight","Obese"))) -> Overweight | R6: =IF(AND(D6<120,E6<80),"Normal BP","High BP") -> High BP | S6: =IF(N6>15000,"High Cost","Normal Cost") -> Normal Cost
A7: 54 | B7: Male | C7: 35.3 | D7: 140 | E7: 83 | F7: 255.7 | G7: 151.2 | H7: 80 | I7: 3 | J7: Elective | K7: Endocrinology | L7: Medium | M7: 2.7 | N7: 6476.72 | O7: No | P7: =IF(A4<30,"18-29",IF(A4<45,"30-44",IF(A4<60,"45-59",IF(A4<75,"60-74","75+")))) -> 45-59 | Q7: =IF(PatientData[[#This Row],[bmi]]<18.5,"Underweight", IF(PatientData[[#This Row],[bmi]]<25,"Normal", IF(PatientData[[#This Row],[bmi]]<30,"Overweight","Obese"))) -> Obese | R7: =IF(AND(D7<120,E7<80),"Normal BP","High BP") -> High BP | S7: =IF(N7>15000,"High Cost","Normal Cost") -> Normal Cost
A8: 61 | B8: Male | C8: 34.2 | D8: 143 | E8: 79 | F8: 257.6 | G8: 141 | H8: 82 | I8: 2 | J8: Emergency | K8: Orthopedics | L8: Low | M8: 8.4 | N8: 18197.84 | O8: Yes | P8: =IF(A5<30,"18-29",IF(A5<45,"30-44",IF(A5<60,"45-59",IF(A5<75,"60-74","75+")))) -> 75+ | Q8: =IF(PatientData[[#This Row],[bmi]]<18.5,"Underweight", IF(PatientData[[#This Row],[bmi]]<25,"Normal", IF(PatientData[[#This Row],[bmi]]<30,"Overweight","Obese"))) -> Obese | R8: =IF(AND(D8<120,E8<80),"Normal BP","High BP") -> High BP | S8: =IF(N8>15000,"High Cost","Normal Cost") -> High Cost
A9: 34 | B9: Female | C9: 10.1 | D9: 121 | E9: 63 | F9: 213.6 | G9: 124.1 | H9: 78 | I9: 2 | J9: Elective | K9: Endocrinology | L9: Medium | M9: 1.8 | N9: 4503.38 | O9: No | P9: =IF(A9<30,"18-29",IF(A9<45,"30-44",IF(A9<60,"45-59",IF(A9<75,"60-74","75+")))) -> 30-44 | Q9: =IF(PatientData[[#This Row],[bmi]]<18.5,"Underweight", IF(PatientData[[#This Row],[bmi]]<25,"Normal", IF(PatientData[[#This Row],[bmi]]<30,"Overweight","Obese"))) -> Underweight | R9: =IF(AND(D9<120,E9<80),"Normal BP","High BP") -> High BP | S9: =IF(N9>15000,"High Cost","Normal Cost") -> Normal Cost
A10: 65 | B10: Female | C10: 10.2 | D10: 113 | E10: 69 | F10: 268.3 | G10: 96.2 | H10: 67 | I10: 0 | J10: Urgent | K10: Respiratory | L10: Medium | M10: 11.6 | N10: 16478.61 | O10: No | P10: =IF(A10<30,"18-29",IF(A10<45,"30-44",IF(A10<60,"45-59",IF(A10<75,"60-74","75+")))) -> 60-74 | Q10: =IF(PatientData[[#This Row],[bmi]]<18.5,"Underweight", IF(PatientData[[#This Row],[bmi]]<25,"Normal", IF(PatientData[[#This Row],[bmi]]<30,"Overweight","Obese"))) -> Underweight | R10: =IF(AND(D10<120,E10<80),"Normal BP","High BP") -> Normal BP | S10: =IF(N10>15000,"High Cost","Normal Cost") -> High Cost
A11: 45 | B11: Female | C11: 10.2 | D11: 102 | E11: 64 | F11: 207 | G11: 139.1 | H11: 80 | I11: 0 | J11: Urgent | K11: Endocrinology | L11: Medium | M11: 6 | N11: 9006.06 | O11: No | P11: =IF(A11<30,"18-29",IF(A11<45,"30-44",IF(A11<60,"45-59",IF(A11<75,"60-74","75+")))) -> 45-59 | Q11: =IF(PatientData[[#This Row],[bmi]]<18.5,"Underweight", IF(PatientData[[#This Row],[bmi]]<25,"Normal", IF(PatientData[[#This Row],[bmi]]<30,"Overweight","Obese"))) -> Underweight | R11: =IF(AND(D11<120,E11<80),"Normal BP","High BP") -> Normal BP | S11: =IF(N11>15000,"High Cost","Normal Cost") -> Normal Cost
A12: 67 | B12: Male | C12: 29.1 | D12: 129 | E12: 82 | F12: 272.8 | G12: 95.3 | H12: 70 | I12: 1 | J12: Elective | K12: Respiratory | L12: Medium | M12: 10.5 | N12: 16593.63 | O12: No | P12: =IF(A9<30,"18-29",IF(A9<45,"30-44",IF(A9<60,"45-59",IF(A9<75,"60-74","75+")))) -> 30-44 | Q12: =IF(PatientData[[#This Row],[bmi]]<18.5,"Underweight", IF(PatientData[[#This Row],[bmi]]<25,"Normal", IF(PatientData[[#This Row],[bmi]]<30,"Overweight","Obese"))) -> Overweight | R12: =IF(AND(D12<120,E12<80),"Normal BP","High BP") -> High BP | S12: =IF(N12>15000,"High Cost","Normal Cost") -> High Cost
A13: 71 | B13: Female | C13: 10.2 | D13: 130 | E13: 72 | F13: 237.4 | G13: 119.6 | H13: 85 | I13: 0 | J13: Emergency | K13: Cardiology | L13: Medium | M13: 9.1 | N13: 19711.46 | O13: No | P13: =IF(A13<30,"18-29",IF(A13<45,"30-44",IF(A13<60,"45-59",IF(A13<75,"60-74","75+")))) -> 60-74 | Q13: =IF(PatientData[[#This Row],[bmi]]<18.5,"Underweight", IF(PatientData[[#This Row],[bmi]]<25,"Normal", IF(PatientData[[#This Row],[bmi]]<30,"Overweight","Obese"))) -> Underweight | R13: =IF(AND(D13<120,E13<80),"Normal BP","High BP") -> High BP | S13: =IF(N13>15000,"High Cost","Normal Cost") -> High Cost
A14: 66 | B14: Female | C14: 10.2 | D14: 121 | E14: 68 | F14: 189.9 | G14: 108.4 | H14: 95 | I14: 2 | J14: Emergency | K14: Endocrinology | L14: Medium | M14: 9 | N14: 15687.54 | O14: No | P14: =IF(A14<30,"18-29",IF(A14<45,"30-44",IF(A14<60,"45-59",IF(A14<75,"60-74","75+")))) -> 60-74 | Q14: =IF(PatientData[[#This Row],[bmi]]<18.5,"Underweight", IF(PatientData[[#This Row],[bmi]]<25,"Normal", IF(PatientData[[#This Row],[bmi]]<30,"Overweight","Obese"))) -> Underweight | R14: =IF(AND(D14<120,E14<80),"Normal BP","High BP") -> High BP | S14: =IF(N14>15000,"High Cost","Normal Cost") -> High Cost
A15: 47 | B15: Male | C15: 30.5 | D15: 114 | E15: 62 | F15: 207.3 | G15: 108.3 | H15: 73 | I15: 3 | J15: Emergency | K15: Cardiology | L15: Medium | M15: 11.7 | N15: 22657.88 | O15: No | P15: =IF(A12<30,"18-29",IF(A12<45,"30-44",IF(A12<60,"45-59",IF(A12<75,"60-74","75+")))) -> 60-74 | Q15: =IF(PatientData[[#This Row],[bmi]]<18.5,"Underweight", IF(PatientData[[#This Row],[bmi]]<25,"Normal", IF(PatientData[[#This Row],[bmi]]<30,"Overweight","Obese"))) -> Obese | R15: =IF(AND(D15<120,E15<80),"Normal BP","High BP") -> Normal BP | S15: =IF(N15>15000,"High Cost","Normal Cost") -> High Cost
A16: 36 | B16: Male | C16: 18 | D16: 96 | E16: 65 | F16: 168.5 | G16: 94.2 | H16: 73 | I16: 2 | J16: Urgent | K16: Cardiology | L16: High | M16: 5 | N16: 10390.56 | O16: No | P16: =IF(A13<30,"18-29",IF(A13<45,"30-44",IF(A13<60,"45-59",IF(A13<75,"60-74","75+")))) -> 60-74 | Q16: =IF(PatientData[[#This Row],[bmi]]<18.5,"Underweight", IF(PatientData[[#This Row],[bmi]]<25,"Normal", IF(PatientData[[#This Row],[bmi]]<30,"Overweight","Obese"))) -> Underweight | R16: =IF(AND(D16<120,E16<80),"Normal BP","High BP") -> Normal BP | S16: =IF(N16>15000,"High Cost","Normal Cost") -> Normal Cost
A17: 52 | B17: Male | C17: 26.4 | D17: 119 | E17: 65 | F17: 243.5 | G17: 134.7 | H17: 77 | I17: 0 | J17: Emergency | K17: Orthopedics | L17: Low | M17: 6.1 | N17: 16611.73 | O17: No | P17: =IF(A14<30,"18-29",IF(A14<45,"30-44",IF(A14<60,"45-59",IF(A14<75,"60-74","75+")))) -> 60-74 | Q17: =IF(PatientData[[#This Row],[bmi]]<18.5,"Underweight", IF(PatientData[[#This Row],[bmi]]<25,"Normal", IF(PatientData[[#This Row],[bmi]]<30,"Overweight","Obese"))) -> Overweight | R17: =IF(AND(D17<120,E17<80),"Normal BP","High BP") -> Normal BP | S17: =IF(N17>15000,"High Cost","Normal Cost") -> High Cost
A18: 71 | B18: Male | C18: 23.8 | D18: 238 | E18: 136 | F18: 230.1 | G18: 123.2 | H18: 88 | I18: 2 | J18: Emergency | K18: Endocrinology | L18: High | M18: 14.9 | N18: 24757.63 | O18: No | P18: =IF(A15<30,"18-29",IF(A15<45,"30-44",IF(A15<60,"45-59",IF(A15<75,"60-74","75+")))) -> 45-59 | Q18: =IF(PatientData[[#This Row],[bmi]]<18.5,"Underweight", IF(PatientData[[#This Row],[bmi]]<25,"Normal", IF(PatientData[[#This Row],[bmi]]<30,"Overweight","Obese"))) -> Normal | R18: =IF(AND(D18<120,E18<80),"Normal BP","High BP") -> High BP | S18: =IF(N18>15000,"High Cost","Normal Cost") -> High Cost
A19: 88 | B19: Female | C19: 10.2 | D19: 135 | E19: 83 | F19: 264.9 | G19: 108.2 | H19: 75 | I19: 2 | J19: Elective | K19: Respiratory | L19: Medium | M19: 7.6 | N19: 13345.22 | O19: No | P19: =IF(A19<30,"18-29",IF(A19<45,"30-44",IF(A19<60,"45-59",IF(A19<75,"60-74","75+")))) -> 75+ | Q19: =IF(PatientData[[#This Row],[bmi]]<18.5,"Underweight", IF(PatientData[[#This Row],[bmi]]<25,"Normal", IF(PatientData[[#This Row],[bmi]]<30,"Overweight","Obese"))) -> Underweight | R19: =IF(AND(D19<120,E19<80),"Normal BP","High BP") -> High BP | S19: =IF(N19>15000,"High Cost","Normal Cost") -> Normal Cost
A20: 66 | B20: Male | C20: 24.7 | D20: 137 | E20: 81 | F20: 247.4 | G20: 86.2 | H20: 83 | I20: 0 | J20: Emergency | K20: Respiratory | L20: Medium | M20: 7.5 | N20: 15754.3 | O20: No | P20: =IF(A17<30,"18-29",IF(A17<45,"30-44",IF(A17<60,"45-59",IF(A17<75,"60-74","75+")))) -> 45-59 | Q20: =IF(PatientData[[#This Row],[bmi]]<18.5,"Underweight", IF(PatientData[[#This Row],[bmi]]<25,"Normal", IF(PatientData[[#This Row],[bmi]]<30,"Overweight","Obese"))) -> Normal | R20: =IF(AND(D20<120,E20<80),"Normal BP","High BP") -> High BP | S20: =IF(N20>15000,"High Cost","Normal Cost") -> High Cost
A21: 47 | B21: Male | C21: 20.2 | D21: 118 | E21: 65 | F21: 209.8 | G21: 93.5 | H21: 85 | I21: 2 | J21: Emergency | K21: Cardiology | L21: High | M21: 11.2 | N21: 18824.2 | O21: No | P21: =IF(A18<30,"18-29",IF(A18<45,"30-44",IF(A18<60,"45-59",IF(A18<75,"60-74","75+")))) -> 60-74 | Q21: =IF(PatientData[[#This Row],[bmi]]<18.5,"Underweight", IF(PatientData[[#This Row],[bmi]]<25,"Normal", IF(PatientData[[#This Row],[bmi]]<30,"Overweight","Obese"))) -> Normal | R21: =IF(AND(D21<120,E21<80),"Normal BP","High BP") -> Normal BP | S21: =IF(N21>15000,"High Cost","Normal Cost") -> High Cost
A22: 95 | B22: Female | C22: 10.4 | D22: 144 | E22: 85 | F22: 282.3 | G22: 131.3 | H22: 69 | I22: 1 | J22: Emergency | K22: Endocrinology | L22: High | M22: 9.1 | N22: 19865.39 | O22: No | P22: =IF(A22<30,"18-29",IF(A22<45,"30-44",IF(A22<60,"45-59",IF(A22<75,"60-74","75+")))) -> 75+ | Q22: =IF(PatientData[[#This Row],[bmi]]<18.5,"Underweight", IF(PatientData[[#This Row],[bmi]]<25,"Normal", IF(PatientData[[#This Row],[bmi]]<30,"Overweight","Obese"))) -> Underweight | R22: =IF(AND(D22<120,E22<80),"Normal BP","High BP") -> High BP | S22: =IF(N22>15000,"High Cost","Normal Cost") -> High Cost
A23: 52 | B23: Male | C23: 18 | D23: 102 | E23: 64 | F23: 226.7 | G23: 185 | H23: 100 | I23: 1 | J23: Emergency | K23: Cardiology | L23: Medium | M23: 8.9 | N23: 19836.46 | O23: No | P23: =IF(A20<30,"18-29",IF(A20<45,"30-44",IF(A20<60,"45-59",IF(A20<75,"60-74","75+")))) -> 60-74 | Q23: =IF(PatientData[[#This Row],[bmi]]<18.5,"Underweight", IF(PatientData[[#This Row],[bmi]]<25,"Normal", IF(PatientData[[#This Row],[bmi]]<30,"Overweight","Obese"))) -> Underweight | R23: =IF(AND(D23<120,E23<80),"Normal BP","High BP") -> Normal BP | S23: =IF(N23>15000,"High Cost","Normal Cost") -> High Cost
A24: 59 | B24: Male | C24: 28 | D24: 138 | E24: 87 | F24: 220.9 | G24: 94.4 | H24: 77 | I24: 1 | J24: Elective | K24: Cardiology | L24: Medium | M24: 12.5 | N24: 21165.81 | O24: No | P24: =IF(A21<30,"18-29",IF(A21<45,"30-44",IF(A21<60,"45-59",IF(A21<75,"60-74","75+")))) -> 45-59 | Q24: =IF(PatientData[[#This Row],[bmi]]<18.5,"Underweight", IF(PatientData[[#This Row],[bmi]]<25,"Normal", IF(PatientData[[#This Row],[bmi]]<30,"Overweight","Obese"))) -> Overweight | R24: =IF(AND(D24<120,E24<80),"Normal BP","High BP") -> High BP | S24: =IF(N24>15000,"High Cost","Normal Cost") -> High Cost
A25: 82 | B25: Male | C25: 22.9 | D25: 131 | E25: 78 | F25: 253.5 | G25: 126.8 | H25: 87 | I25: 3 | J25: Emergency | K25: Endocrinology | L25: Medium | M25: 5 | N25: 11416.67 | O25: Yes | P25: =IF(A22<30,"18-29",IF(A22<45,"30-44",IF(A22<60,"45-59",IF(A22<75,"60-74","75+")))) -> 75+ | Q25: =IF(PatientData[[#This Row],[bmi]]<18.5,"Underweight", IF(PatientData[[#This Row],[bmi]]<25,"Normal", IF(PatientData[[#This Row],[bmi]]<30,"Overweight","Obese"))) -> Normal | R25: =IF(AND(D25<120,E25<80),"Normal BP","High BP") -> High BP | S25: =IF(N25>15000,"High Cost","Normal Cost") -> Normal Cost
A26: 83 | B26: Male | C26: 40.3 | D26: 125 | E26: 78 | F26: 226.4 | G26: 138.2 | H26: 80 | I26: 2 | J26: Elective | K26: Respiratory | L26: Medium | M26: 3 | N26: 5645.35 | O26: No | P26: =IF(A23<30,"18-29",IF(A23<45,"30-44",IF(A23<60,"45-59",IF(A23<75,"60-74","75+")))) -> 45-59 | Q26: =IF(PatientData[[#This Row],[bmi]]<18.5,"Underweight", IF(PatientData[[#This Row],[bmi]]<25,"Normal", IF(PatientData[[#This Row],[bmi]]<30,"Overweight","Obese"))) -> Obese | R26: =IF(AND(D26<120,E26<80),"Normal BP","High BP") -> High BP | S26: =IF(N26>15000,"High Cost","Normal Cost") -> Normal Cost
A27: 57 | B27: Female | C27: 10.4 | D27: 127 | E27: 71 | F27: 234.9 | G27: 117.8 | H27: 97 | I27: 0 | J27: Emergency | K27: Cardiology | L27: Low | M27: 7.1 | N27: 14603.12 | O27: No | P27: =IF(A27<30,"18-29",IF(A27<45,"30-44",IF(A27<60,"45-59",IF(A27<75,"60-74","75+")))) -> 45-59 | Q27: =IF(PatientData[[#This Row],[bmi]]<18.5,"Underweight", IF(PatientData[[#This Row],[bmi]]<25,"Normal", IF(PatientData[[#This Row],[bmi]]<30,"Overweight","Obese"))) -> Underweight | R27: =IF(AND(D27<120,E27<80),"Normal BP","High BP") -> High BP | S27: =IF(N27>15000,"High Cost","Normal Cost") -> Normal Cost
A28: 68 | B28: Male | C28: 18 | D28: 117 | E28: 73 | F28: 221.5 | G28: 93.1 | H28: 79 | I28: 2 | J28: Elective | K28: Cardiology | L28: High | M28: 6.3 | N28: 14342.88 | O28: No | P28: =IF(A25<30,"18-29",IF(A25<45,"30-44",IF(A25<60,"45-59",IF(A25<75,"60-74","75+")))) -> 75+ | Q28: =IF(PatientData[[#This Row],[bmi]]<18.5,"Underweight", IF(PatientData[[#This Row],[bmi]]<25,"Normal", IF(PatientData[[#This Row],[bmi]]<30,"Overweight","Obese"))) -> Underweight | R28: =IF(AND(D28<120,E28<80),"Normal BP","High BP") -> Normal BP | S28: =IF(N28>15000,"High Cost","Normal Cost") -> Normal Cost
A29: 77 | B29: Female | C29: 10.6 | D29: 126 | E29: 74 | F29: 284.3 | G29: 162.4 | H29: 87 | I29: 1 | J29: Emergency | K29: Endocrinology | L29: High | M29: 12.7 | N29: 21207.24 | O29: No | P29: =IF(A29<30,"18-29",IF(A29<45,"30-44",IF(A29<60,"45-59",IF(A29<75,"60-74","75+")))) -> 75+ | Q29: =IF(PatientData[[#This Row],[bmi]]<18.5,"Underweight", IF(PatientData[[#This Row],[bmi]]<25,"Normal", IF(PatientData[[#This Row],[bmi]]<30,"Overweight","Obese"))) -> Underweight | R29: =IF(AND(D29<120,E29<80),"Normal BP","High BP") -> High BP | S29: =IF(N29>15000,"High Cost","Normal Cost") -> High Cost
A30: 60 | B30: Female | C30: 10.6 | D30: 140 | E30: 75 | F30: 225.8 | G30: 152 | H30: 75 | I30: 2 | J30: Urgent | K30: Endocrinology | L30: Medium | M30: 4.8 | N30: 10509.1 | O30: No | P30: =IF(A30<30,"18-29",IF(A30<45,"30-44",IF(A30<60,"45-59",IF(A30<75,"60-74","75+")))) -> 60-74 | Q30: =IF(PatientData[[#This Row],[bmi]]<18.5,"Underweight", IF(PatientData[[#This Row],[bmi]]<25,"Normal", IF(PatientData[[#This Row],[bmi]]<30,"Overweight","Obese"))) -> Underweight | R30: =IF(AND(D30<120,E30<80),"Normal BP","High BP") -> High BP | S30: =IF(N30>15000,"High Cost","Normal Cost") -> Normal Cost
A31: 92 | B31: Male | C31: 33 | D31: 152 | E31: 95 | F31: 249.3 | G31: 138.6 | H31: 82 | I31: 2 | J31: Urgent | K31: Cardiology | L31: High | M31: 5.5 | N31: 14194.93 | O31: Yes | P31: =IF(A28<30,"18-29",IF(A28<45,"30-44",IF(A28<60,"45-59",IF(A28<75,"60-74","75+")))) -> 60-74 | Q31: =IF(PatientData[[#This Row],[bmi]]<18.5,"Underweight", IF(PatientData[[#This Row],[bmi]]<25,"Normal", IF(PatientData[[#This Row],[bmi]]<30,"Overweight","Obese"))) -> Obese | R31: =IF(AND(D31<120,E31<80),"Normal BP","High BP") -> High BP | S31: =IF(N31>15000,"High Cost","Normal Cost") -> Normal Cost
A32: 55 | B32: Female | C32: 10.6 | D32: 111 | E32: 67 | F32: 191.1 | G32: 135.5 | H32: 84 | I32: 0 | J32: Emergency | K32: Respiratory | L32: High | M32: 12.6 | N32: 20095.92 | O32: No | P32: =IF(A32<30,"18-29",IF(A32<45,"30-44",IF(A32<60,"45-59",IF(A32<75,"60-74","75+")))) -> 45-59 | Q32: =IF(PatientData[[#This Row],[bmi]]<18.5,"Underweight", IF(PatientData[[#This Row],[bmi]]<25,"Normal", IF(PatientData[[#This Row],[bmi]]<30,"Overweight","Obese"))) -> Underweight | R32: =IF(AND(D32<120,E32<80),"Normal BP","High BP") -> Normal BP | S32: =IF(N32>15000,"High Cost","Normal Cost") -> High Cost
A33: 37 | B33: Male | C33: 36.4 | D33: 131 | E33: 81 | F33: 214.7 | G33: 120.8 | H33: 66 | I33: 1 | J33: Elective | K33: Cardiology | L33: High | M33: 5.4 | N33: 14085.88 | O33: No | P33: =IF(A30<30,"18-29",IF(A30<45,"30-44",IF(A30<60,"45-59",IF(A30<75,"60-74","75+")))) -> 60-74 | Q33: =IF(PatientData[[#This Row],[bmi]]<18.5,"Underweight", IF(PatientData[[#This Row],[bmi]]<25,"Normal", IF(PatientData[[#This Row],[bmi]]<30,"Overweight","Obese"))) -> Obese | R33: =IF(AND(D33<120,E33<80),"Normal BP","High BP") -> High BP | S33: =IF(N33>15000,"High Cost","Normal Cost") -> Normal Cost
A34: 92 | B34: Male | C34: 28.1 | D34: 150 | E34: 95 | F34: 240.3 | G34: 133.1 | H34: 74 | I34: 2 | J34: Elective | K34: Endocrinology | L34: Low | M34: 1 | N34: 3646.03 | O34: No | P34: =IF(A31<30,"18-29",IF(A31<45,"30-44",IF(A31<60,"45-59",IF(A31<75,"60-74","75+")))) -> 75+ | Q34: =IF(PatientData[[#This Row],[bmi]]<18.5,"Underweight", IF(PatientData[[#This Row],[bmi]]<25,"Normal", IF(PatientData[[#This Row],[bmi]]<30,"Overweight","Obese"))) -> Overweight | R34: =IF(AND(D34<120,E34<80),"Normal BP","High BP") -> High BP | S34: =IF(N34>15000,"High Cost","Normal Cost") -> Normal Cost
A35: 68 | B35: Female | C35: 10.6 | D35: 132 | E35: 75 | F35: 271.1 | G35: 117.2 | H35: 104 | I35: 2 | J35: Elective | K35: Respiratory | L35: Low | M35: 3.4 | N35: 7180.22 | O35: No | P35: =IF(A35<30,"18-29",IF(A35<45,"30-44",IF(A35<60,"45-59",IF(A35<75,"60-74","75+")))) -> 60-74 | Q35: =IF(PatientData[[#This Row],[bmi]]<18.5,"Underweight", IF(PatientData[[#This Row],[bmi]]<25,"Normal", IF(PatientData[[#This Row],[bmi]]<30,"Overweight","Obese"))) -> Underweight | R35: =IF(AND(D35<120,E35<80),"Normal BP","High BP") -> High BP | S35: =IF(N35>15000,"High Cost","Normal Cost") -> Normal Cost
A36: 87 | B36: Female | C36: 10.6 | D36: 128 | E36: 85 | F36: 226.3 | G36: 135 | H36: 110 | I36: 0 | J36: Emergency | K36: Endocrinology | L36: Medium | M36: 14.7 | N36: 22354.85 | O36: No | P36: =IF(A36<30,"18-29",IF(A36<45,"30-44",IF(A36<60,"45-59",IF(A36<75,"60-74","75+")))) -> 75+ | Q36: =IF(PatientData[[#This Row],[bmi]]<18.5,"Underweight", IF(PatientData[[#This Row],[bmi]]<25,"Normal", IF(PatientData[[#This Row],[bmi]]<30,"Overweight","Obese"))) -> Underweight | R36: =IF(AND(D36<120,E36<80),"Normal BP","High BP") -> High BP | S36: =IF(N36>15000,"High Cost","Normal Cost") -> High Cost
A37: 76 | B37: Female | C37: 10.6 | D37: 134 | E37: 76 | F37: 244.3 | G37: 123.4 | H37: 62 | I37: 1 | J37: Urgent | K37: Endocrinology | L37: Medium | M37: 3.4 | N37: 6769 | O37: No | P37: =IF(A37<30,"18-29",IF(A37<45,"30-44",IF(A37<60,"45-59",IF(A37<75,"60-74","75+")))) -> 75+ | Q37: =IF(PatientData[[#This Row],[bmi]]<18.5,"Underweight", IF(PatientData[[#This Row],[bmi]]<25,"Normal", IF(PatientData[[#This Row],[bmi]]<30,"Overweight","Obese"))) -> Underweight | R37: =IF(AND(D37<120,E37<80),"Normal BP","High BP") -> High BP | S37: =IF(N37>15000,"High Cost","Normal Cost") -> Normal Cost
A38: 77 | B38: Male | C38: 33.6 | D38: 138 | E38: 83 | F38: 255.3 | G38: 110.9 | H38: 82 | I38: 0 | J38: Elective | K38: Respiratory | L38: Low | M38: 3 | N38: 6519.84 | O38: No | P38: =IF(A35<30,"18-29",IF(A35<45,"30-44",IF(A35<60,"45-59",IF(A35<75,"60-74","75+")))) -> 60-74 | Q38: =IF(PatientData[[#This Row],[bmi]]<18.5,"Underweight", IF(PatientData[[#This Row],[bmi]]<25,"Normal", IF(PatientData[[#This Row],[bmi]]<30,"Overweight","Obese"))) -> Obese | R38: =IF(AND(D38<120,E38<80),"Normal BP","High BP") -> High BP | S38: =IF(N38>15000,"High Cost","Normal Cost") -> Normal Cost
A39: 45 | B39: Male | C39: 21.2 | D39: 134 | E39: 90 | F39: 209.3 | G39: 125.5 | H39: 89 | I39: 3 | J39: Emergency | K39: Cardiology | L39: High | M39: 24 | N39: 37678.12 | O39: No | P39: =IF(A36<30,"18-29",IF(A36<45,"30-44",IF(A36<60,"45-59",IF(A36<75,"60-74","75+")))) -> 75+ | Q39: =IF(PatientData[[#This Row],[bmi]]<18.5,"Underweight", IF(PatientData[[#This Row],[bmi]]<25,"Normal", IF(PatientData[[#This Row],[bmi]]<30,"Overweight","Obese"))) -> Normal | R39: =IF(AND(D39<120,E39<80),"Normal BP","High BP") -> High BP | S39: =IF(N39>15000,"High Cost","Normal Cost") -> High Cost
A40: 68 | B40: Female | C40: 10.7 | D40: 126 | E40: 65 | F40: 229.2 | G40: 124.3 | H40: 76 | I40: 2 | J40: Emergency | K40: Respiratory | L40: Medium | M40: 7.5 | N40: 13142.59 | O40: No | P40: =IF(A40<30,"18-29",IF(A40<45,"30-44",IF(A40<60,"45-59",IF(A40<75,"60-74","75+")))) -> 60-74 | Q40: =IF(PatientData[[#This Row],[bmi]]<18.5,"Underweight", IF(PatientData[[#This Row],[bmi]]<25,"Normal", IF(PatientData[[#This Row],[bmi]]<30,"Overweight","Obese"))) -> Underweight | R40: =IF(AND(D40<120,E40<80),"Normal BP","High BP") -> High BP | S40: =IF(N40>15000,"High Cost","Normal Cost") -> Normal Cost
A41: 78 | B41: Male | C41: 24.2 | D41: 138 | E41: 77 | F41: 223.8 | G41: 98.5 | H41: 100 | I41: 1 | J41: Emergency | K41: Cardiology | L41: High | M41: 15.1 | N41: 27643.31 | O41: No | P41: =IF(A38<30,"18-29",IF(A38<45,"30-44",IF(A38<60,"45-59",IF(A38<75,"60-74","75+")))) -> 75+ | Q41: =IF(PatientData[[#This Row],[bmi]]<18.5,"Underweight", IF(PatientData[[#This Row],[bmi]]<25,"Normal", IF(PatientData[[#This Row],[bmi]]<30,"Overweight","Obese"))) -> Normal | R41: =IF(AND(D41<120,E41<80),"Normal BP","High BP") -> High BP | S41: =IF(N41>15000,"High Cost","Normal Cost") -> High Cost
A42: 53 | B42: Male | C42: 32.1 | D42: 149 | E42: 93 | F42: 226.1 | G42: 94 | H42: 77 | I42: 2 | J42: Elective | K42: Cardiology | L42: Medium | M42: 5 | N42: 12482.59 | O42: No | P42: =IF(A39<30,"18-29",IF(A39<45,"30-44",IF(A39<60,"45-59",IF(A39<75,"60-74","75+")))) -> 45-59 | Q42: =IF(PatientData[[#This Row],[bmi]]<18.5,"Underweight", IF(PatientData[[#This Row],[bmi]]<25,"Normal", IF(PatientData[[#This Row],[bmi]]<30,"Overweight","Obese"))) -> Obese | R42: =IF(AND(D42<120,E42<80),"Normal BP","High BP") -> High BP | S42: =IF(N42>15000,"High Cost","Normal Cost") -> Normal Cost
A43: 64 | B43: Female | C43: 11 | D43: 115 | E43: 70 | F43: 236.5 | G43: 114.2 | H43: 69 | I43: 0 | J43: Elective | K43: Orthopedics | L43: High | M43: 5 | N43: 13461.6 | O43: No | P43: =IF(A43<30,"18-29",IF(A43<45,"30-44",IF(A43<60,"45-59",IF(A43<75,"60-74","75+")))) -> 60-74 | Q43: =IF(PatientData[[#This Row],[bmi]]<18.5,"Underweight", IF(PatientData[[#This Row],[bmi]]<25,"Normal", IF(PatientData[[#This Row],[bmi]]<30,"Overweight","Obese"))) -> Underweight | R43: =IF(AND(D43<120,E43<80),"Normal BP","High BP") -> Normal BP | S43: =IF(N43>15000,"High Cost","Normal Cost") -> Normal Cost
A44: 86 | B44: Male | C44: 25 | D44: 113 | E44: 67 | F44: 210.8 | G44: 161.9 | H44: 97 | I44: 2 | J44: Emergency | K44: Endocrinology | L44: Medium | M44: 6 | N44: 11001.55 | O44: No | P44: =IF(A41<30,"18-29",IF(A41<45,"30-44",IF(A41<60,"45-59",IF(A41<75,"60-74","75+")))) -> 75+ | Q44: =IF(PatientData[[#This Row],[bmi]]<18.5,"Underweight", IF(PatientData[[#This Row],[bmi]]<25,"Normal", IF(PatientData[[#This Row],[bmi]]<30,"Overweight","Obese"))) -> Overweight | R44: =IF(AND(D44<120,E44<80),"Normal BP","High BP") -> Normal BP | S44: =IF(N44>15000,"High Cost","Normal Cost") -> Normal Cost
A45: 67 | B45: Female | C45: 11.3 | D45: 127 | E45: 70 | F45: 223.8 | G45: 195.5 | H45: 70 | I45: 1 | J45: Emergency | K45: Endocrinology | L45: Low | M45: 5.3 | N45: 12001.87 | O45: No | P45: =IF(A45<30,"18-29",IF(A45<45,"30-44",IF(A45<60,"45-59",IF(A45<75,"60-74","75+")))) -> 60-74 | Q45: =IF(PatientData[[#This Row],[bmi]]<18.5,"Underweight", IF(PatientData[[#This Row],[bmi]]<25,"Normal", IF(PatientData[[#This Row],[bmi]]<30,"Overweight","Obese"))) -> Underweight | R45: =IF(AND(D45<120,E45<80),"Normal BP","High BP") -> High BP | S45: =IF(N45>15000,"High Cost","Normal Cost") -> Normal Cost
A46: 60 | B46: Male | C46: 36.5 | D46: 135 | E46: 82 | F46: 252.4 | G46: 112 | H46: 80 | I46: 3 | J46: Elective | K46: Cardiology | L46: High | M46: 3.5 | N46: 9322.83 | O46: No | P46: =IF(A43<30,"18-29",IF(A43<45,"30-44",IF(A43<60,"45-59",IF(A43<75,"60-74","75+")))) -> 60-74 | Q46: =IF(PatientData[[#This Row],[bmi]]<18.5,"Underweight", IF(PatientData[[#This Row],[bmi]]<25,"Normal", IF(PatientData[[#This Row],[bmi]]<30,"Overweight","Obese"))) -> Obese | R46: =IF(AND(D46<120,E46<80),"Normal BP","High BP") -> High BP | S46: =IF(N46>15000,"High Cost","Normal Cost") -> Normal Cost
A47: 42 | B47: Female | C47: 11.3 | D47: 136 | E47: 88 | F47: 200.1 | G47: 102.9 | H47: 80 | I47: 0 | J47: Urgent | K47: Cardiology | L47: High | M47: 4.9 | N47: 9973.69 | O47: No | P47: =IF(A47<30,"18-29",IF(A47<45,"30-44",IF(A47<60,"45-59",IF(A47<75,"60-74","75+")))) -> 30-44 | Q47: =IF(PatientData[[#This Row],[bmi]]<18.5,"Underweight", IF(PatientData[[#This Row],[bmi]]<25,"Normal", IF(PatientData[[#This Row],[bmi]]<30,"Overweight","Obese"))) -> Underweight | R47: =IF(AND(D47<120,E47<80),"Normal BP","High BP") -> High BP | S47: =IF(N47>15000,"High Cost","Normal Cost") -> Normal Cost
A48: 38 | B48: Male | C48: 25 | D48: 115 | E48: 74 | F48: 194 | G48: 77.1 | H48: 90 | I48: 1 | J48: Emergency | K48: Cardiology | L48: High | M48: 8.4 | N48: 17341.53 | O48: No | P48: =IF(A45<30,"18-29",IF(A45<45,"30-44",IF(A45<60,"45-59",IF(A45<75,"60-74","75+")))) -> 60-74 | Q48: =IF(PatientData[[#This Row],[bmi]]<18.5,"Underweight", IF(PatientData[[#This Row],[bmi]]<25,"Normal", IF(PatientData[[#This Row],[bmi]]<30,"Overweight","Obese"))) -> Overweight | R48: =IF(AND(D48<120,E48<80),"Normal BP","High BP") -> Normal BP | S48: =IF(N48>15000,"High Cost","Normal Cost") -> High Cost
A49: 95 | B49: Female | C49: 11.4 | D49: 134 | E49: 78 | F49: 262.9 | G49: 105.4 | H49: 72 | I49: 2 | J49: Elective | K49: Cardiology | L49: Medium | M49: 4.3 | N49: 10447.56 | O49: No | P49: =IF(A49<30,"18-29",IF(A49<45,"30-44",IF(A49<60,"45-59",IF(A49<75,"60-74","75+")))) -> 75+ | Q49: =IF(PatientData[[#This Row],[bmi]]<18.5,"Underweight", IF(PatientData[[#This Row],[bmi]]<25,"Normal", IF(PatientData[[#This Row],[bmi]]<30,"Overweight","Obese"))) -> Underweight | R49: =IF(AND(D49<120,E49<80),"Normal BP","High BP") -> High BP | S49: =IF(N49>15000,"High Cost","Normal Cost") -> Normal Cost
A50: 86 | B50: Female | C50: 11.5 | D50: 135 | E50: 76 | F50: 211.1 | G50: 92.9 | H50: 83 | I50: 0 | J50: Urgent | K50: Respiratory | L50: High | M50: 5.8 | N50: 10564.27 | O50: No | P50: =IF(A50<30,"18-29",IF(A50<45,"30-44",IF(A50<60,"45-59",IF(A50<75,"60-74","75+")))) -> 75+ | Q50: =IF(PatientData[[#This Row],[bmi]]<18.5,"Underweight", IF(PatientData[[#This Row],[bmi]]<25,"Normal", IF(PatientData[[#This Row],[bmi]]<30,"Overweight","Obese"))) -> Underweight | R50: =IF(AND(D50<120,E50<80),"Normal BP","High BP") -> High BP | S50: =IF(N50>15000,"High Cost","Normal Cost") -> Normal Cost
A51: 54 | B51: Male | C51: 29.4 | D51: 117 | E51: 63 | F51: 240.3 | G51: 121.3 | H51: 90 | I51: 1 | J51: Elective | K51: Orthopedics | L51: Low | M51: 4.6 | N51: 13758.19 | O51: No | P51: =IF(A48<30,"18-29",IF(A48<45,"30-44",IF(A48<60,"45-59",IF(A48<75,"60-74","75+")))) -> 30-44 | Q51: =IF(PatientData[[#This Row],[bmi]]<18.5,"Underweight", IF(PatientData[[#This Row],[bmi]]<25,"Normal", IF(PatientData[[#This Row],[bmi]]<30,"Overweight","Obese"))) -> Overweight | R51: =IF(AND(D51<120,E51<80),"Normal BP","High BP") -> Normal BP | S51: =IF(N51>15000,"High Cost","Normal Cost") -> Normal Cost
A52: 76 | B52: Female | C52: 11.5 | D52: 123 | E52: 77 | F52: 270.3 | G52: 103.1 | H52: 99 | I52: 1 | J52: Emergency | K52: Cardiology | L52: High | M52: 8.7 | N52: 21777.29 | O52: No | P52: =IF(A52<30,"18-29",IF(A52<45,"30-44",IF(A52<60,"45-59",IF(A52<75,"60-74","75+")))) -> 75+ | Q52: =IF(PatientData[[#This Row],[bmi]]<18.5,"Underweight", IF(PatientData[[#This Row],[bmi]]<25,"Normal", IF(PatientData[[#This Row],[bmi]]<30,"Overweight","Obese"))) -> Underweight | R52: =IF(AND(D52<120,E52<80),"Normal BP","High BP") -> High BP | S52: =IF(N52>15000,"High Cost","Normal Cost") -> High Cost
A53: 60 | B53: Female | C53: 11.5 | D53: 126 | E53: 81 | F53: 202.6 | G53: 87.3 | H53: 67 | I53: 0 | J53: Urgent | K53: Cardiology | L53: Medium | M53: 5.9 | N53: 12866.56 | O53: No | P53: =IF(A53<30,"18-29",IF(A53<45,"30-44",IF(A53<60,"45-59",IF(A53<75,"60-74","75+")))) -> 60-74 | Q53: =IF(PatientData[[#This Row],[bmi]]<18.5,"Underweight", IF(PatientData[[#This Row],[bmi]]<25,"Normal", IF(PatientData[[#This Row],[bmi]]<30,"Overweight","Obese"))) -> Underweight | R53: =IF(AND(D53<120,E53<80),"Normal BP","High BP") -> High BP | S53: =IF(N53>15000,"High Cost","Normal Cost") -> Normal Cost
A54: 72 | B54: Female | C54: 11.5 | D54: 128 | E54: 77 | F54: 229.1 | G54: 188.8 | H54: 70 | I54: 1 | J54: Elective | K54: Endocrinology | L54: Medium | M54: 4.6 | N54: 10994.33 | O54: No | P54: =IF(A54<30,"18-29",IF(A54<45,"30-44",IF(A54<60,"45-59",IF(A54<75,"60-74","75+")))) -> 60-74 | Q54: =IF(PatientData[[#This Row],[bmi]]<18.5,"Underweight", IF(PatientData[[#This Row],[bmi]]<25,"Normal", IF(PatientData[[#This Row],[bmi]]<30,"Overweight","Obese"))) -> Underweight | R54: =IF(AND(D54<120,E54<80),"Normal BP","High BP") -> High BP | S54: =IF(N54>15000,"High Cost","Normal Cost") -> Normal Cost
A55: 69 | B55: Female | C55: 11.5 | D55: 124 | E55: 75 | F55: 253.4 | G55: 168.9 | H55: 79 | I55: 1 | J55: Emergency | K55: Endocrinology | L55: Medium | M55: 12.1 | N55: 23328.73 | O55: No | P55: =IF(A55<30,"18-29",IF(A55<45,"30-44",IF(A55<60,"45-59",IF(A55<75,"60-74","75+")))) -> 60-74 | Q55: =IF(PatientData[[#This Row],[bmi]]<18.5,"Underweight", IF(PatientData[[#This Row],[bmi]]<25,"Normal", IF(PatientData[[#This Row],[bmi]]<30,"Overweight","Obese"))) -> Underweight | R55: =IF(AND(D55<120,E55<80),"Normal BP","High BP") -> High BP | S55: =IF(N55>15000,"High Cost","Normal Cost") -> High Cost
A56: 50 | B56: Female | C56: 11.5 | D56: 112 | E56: 65 | F56: 186.8 | G56: 98.9 | H56: 61 | I56: 1 | J56: Urgent | K56: Cardiology | L56: High | M56: 4 | N56: 9068.29 | O56: No | P56: =IF(A56<30,"18-29",IF(A56<45,"30-44",IF(A56<60,"45-59",IF(A56<75,"60-74","75+")))) -> 45-59 | Q56: =IF(PatientData[[#This Row],[bmi]]<18.5,"Underweight", IF(PatientData[[#This Row],[bmi]]<25,"Normal", IF(PatientData[[#This Row],[bmi]]<30,"Overweight","Obese"))) -> Underweight | R56: =IF(AND(D56<120,E56<80),"Normal BP","High BP") -> Normal BP | S56: =IF(N56>15000,"High Cost","Normal Cost") -> Normal Cost
A57: 86 | B57: Female | C57: 11.6 | D57: 119 | E57: 77 | F57: 200.4 | G57: 166 | H57: 68 | I57: 2 | J57: Elective | K57: Respiratory | L57: Medium | M57: 10 | N57: 17693.17 | O57: No | P57: =IF(A57<30,"18-29",IF(A57<45,"30-44",IF(A57<60,"45-59",IF(A57<75,"60-74","75+")))) -> 75+ | Q57: =IF(PatientData[[#This Row],[bmi]]<18.5,"Underweight", IF(PatientData[[#This Row],[bmi]]<25,"Normal", IF(PatientData[[#This Row],[bmi]]<30,"Overweight","Obese"))) -> Underweight | R57: =IF(AND(D57<120,E57<80),"Normal BP","High BP") -> Normal BP | S57: =IF(N57>15000,"High Cost","Normal Cost") -> High Cost
A58: 69 | B58: Male | C58: 25.4 | D58: 135 | E58: 75 | F58: 195 | G58: 80.9 | H58: 92 | I58: 2 | J58: Urgent | K58: Cardiology | L58: Low | M58: 12.2 | N58: 23124.1 | O58: No | P58: =IF(A55<30,"18-29",IF(A55<45,"30-44",IF(A55<60,"45-59",IF(A55<75,"60-74","75+")))) -> 60-74 | Q58: =IF(PatientData[[#This Row],[bmi]]<18.5,"Underweight", IF(PatientData[[#This Row],[bmi]]<25,"Normal", IF(PatientData[[#This Row],[bmi]]<30,"Overweight","Obese"))) -> Overweight | R58: =IF(AND(D58<120,E58<80),"Normal BP","High BP") -> High BP | S58: =IF(N58>15000,"High Cost","Normal Cost") -> High Cost
A59: 75 | B59: Male | C59: 29.3 | D59: 113 | E59: 66 | F59: 227.1 | G59: 95.8 | H59: 66 | I59: 0 | J59: Elective | K59: Cardiology | L59: High | M59: 3.6 | N59: 9447.2 | O59: No | P59: =IF(A56<30,"18-29",IF(A56<45,"30-44",IF(A56<60,"45-59",IF(A56<75,"60-74","75+")))) -> 45-59 | Q59: =IF(PatientData[[#This Row],[bmi]]<18.5,"Underweight", IF(PatientData[[#This Row],[bmi]]<25,"Normal", IF(PatientData[[#This Row],[bmi]]<30,"Overweight","Obese"))) -> Overweight | R59: =IF(AND(D59<120,E59<80),"Normal BP","High BP") -> Normal BP | S59: =IF(N59>15000,"High Cost","Normal Cost") -> Normal Cost
A60: 55 | B60: Male | C60: 23.7 | D60: 127 | E60: 78 | F60: 193.3 | G60: 101.2 | H60: 60 | I60: 0 | J60: Urgent | K60: Orthopedics | L60: Medium | M60: 8.7 | N60: 18540.84 | O60: No | P60: =IF(A57<30,"18-29",IF(A57<45,"30-44",IF(A57<60,"45-59",IF(A57<75,"60-74","75+")))) -> 75+ | Q60: =IF(PatientData[[#This Row],[bmi]]<18.5,"Underweight", IF(PatientData[[#This Row],[bmi]]<25,"Normal", IF(PatientData[[#This Row],[bmi]]<30,"Overweight","Obese"))) -> Normal | R60: =IF(AND(D60<120,E60<80),"Normal BP","High BP") -> High BP | S60: =IF(N60>15000,"High Cost","Normal Cost") -> High Cost
A61: 36 | B61: Male | C61: 28.9 | D61: 126 | E61: 78 | F61: 202.6 | G61: 141.9 | H61: 83 | I61: 0 | J61: Emergency | K61: Endocrinology | L61: Low | M61: 9.5 | N61: 16999.65 | O61: No | P61: =IF(A58<30,"18-29",IF(A58<45,"30-44",IF(A58<60,"45-59",IF(A58<75,"60-74","75+")))) -> 60-74 | Q61: =IF(PatientData[[#This Row],[bmi]]<18.5,"Underweight", IF(PatientData[[#This Row],[bmi]]<25,"Normal", IF(PatientData[[#This Row],[bmi]]<30,"Overweight","Obese"))) -> Overweight | R61: =IF(AND(D61<120,E61<80),"Normal BP","High BP") -> High BP | S61: =IF(N61>15000,"High Cost","Normal Cost") -> High Cost
A62: 74 | B62: Male | C62: 41.7 | D62: 148 | E62: 90 | F62: 285.4 | G62: 109.2 | H62: 95 | I62: 0 | J62: Emergency | K62: Respiratory | L62: Medium | M62: 12.4 | N62: 19572.34 | O62: No | P62: =IF(A59<30,"18-29",IF(A59<45,"30-44",IF(A59<60,"45-59",IF(A59<75,"60-74","75+")))) -> 75+ | Q62: =IF(PatientData[[#This Row],[bmi]]<18.5,"Underweight", IF(PatientData[[#This Row],[bmi]]<25,"Normal", IF(PatientData[[#This Row],[bmi]]<30,"Overweight","Obese"))) -> Obese | R62: =IF(AND(D62<120,E62<80),"Normal BP","High BP") -> High BP | S62: =IF(N62>15000,"High Cost","Normal Cost") -> High Cost
A63: 82 | B63: Male | C63: 23.8 | D63: 127 | E63: 67 | F63: 207.2 | G63: 120.4 | H63: 87 | I63: 0 | J63: Emergency | K63: Respiratory | L63: High | M63: 11 | N63: 19978.89 | O63: No | P63: =IF(A60<30,"18-29",IF(A60<45,"30-44",IF(A60<60,"45-59",IF(A60<75,"60-74","75+")))) -> 45-59 | Q63: =IF(PatientData[[#This Row],[bmi]]<18.5,"Underweight", IF(PatientData[[#This Row],[bmi]]<25,"Normal", IF(PatientData[[#This Row],[bmi]]<30,"Overweight","Obese"))) -> Normal | R63: =IF(AND(D63<120,E63<80),"Normal BP","High BP") -> High BP | S63: =IF(N63>15000,"High Cost","Normal Cost") -> High Cost
A64: 44 | B64: Female | C64: 11.6 | D64: 123 | E64: 68 | F64: 218.1 | G64: 98.5 | H64: 81 | I64: 0 | J64: Emergency | K64: Cardiology | L64: Low | M64: 11.6 | N64: 26717.7 | O64: No | P64: =IF(A64<30,"18-29",IF(A64<45,"30-44",IF(A64<60,"45-59",IF(A64<75,"60-74","75+")))) -> 30-44 | Q64: =IF(PatientData[[#This Row],[bmi]]<18.5,"Underweight", IF(PatientData[[#This Row],[bmi]]<25,"Normal", IF(PatientData[[#This Row],[bmi]]<30,"Overweight","Obese"))) -> Underweight | R64: =IF(AND(D64<120,E64<80),"Normal BP","High BP") -> High BP | S64: =IF(N64>15000,"High Cost","Normal Cost") -> High Cost
A65: 78 | B65: Male | C65: 23.3 | D65: 105 | E65: 65 | F65: 214.7 | G65: 136.1 | H65: 80 | I65: 0 | J65: Emergency | K65: Endocrinology | L65: High | M65: 8.5 | N65: 17547.23 | O65: No | P65: =IF(A62<30,"18-29",IF(A62<45,"30-44",IF(A62<60,"45-59",IF(A62<75,"60-74","75+")))) -> 60-74 | Q65: =IF(PatientData[[#This Row],[bmi]]<18.5,"Underweight", IF(PatientData[[#This Row],[bmi]]<25,"Normal", IF(PatientData[[#This Row],[bmi]]<30,"Overweight","Obese"))) -> Normal | R65: =IF(AND(D65<120,E65<80),"Normal BP","High BP") -> Normal BP | S65: =IF(N65>15000,"High Cost","Normal Cost") -> High Cost
A66: 60 | B66: Male | C66: 24.1 | D66: 118 | E66: 72 | F66: 196.9 | G66: 84.5 | H66: 91 | I66: 0 | J66: Emergency | K66: Orthopedics | L66: Low | M66: 8.1 | N66: 18822.55 | O66: No | P66: =IF(A63<30,"18-29",IF(A63<45,"30-44",IF(A63<60,"45-59",IF(A63<75,"60-74","75+")))) -> 75+ | Q66: =IF(PatientData[[#This Row],[bmi]]<18.5,"Underweight", IF(PatientData[[#This Row],[bmi]]<25,"Normal", IF(PatientData[[#This Row],[bmi]]<30,"Overweight","Obese"))) -> Normal | R66: =IF(AND(D66<120,E66<80),"Normal BP","High BP") -> Normal BP | S66: =IF(N66>15000,"High Cost","Normal Cost") -> High Cost
A67: 63 | B67: Female | C67: 11.7 | D67: 121 | E67: 74 | F67: 226 | G67: 91 | H67: 80 | I67: 2 | J67: Emergency | K67: Cardiology | L67: High | M67: 9.5 | N67: 21343.17 | O67: No | P67: =IF(A67<30,"18-29",IF(A67<45,"30-44",IF(A67<60,"45-59",IF(A67<75,"60-74","75+")))) -> 60-74 | Q67: =IF(PatientData[[#This Row],[bmi]]<18.5,"Underweight", IF(PatientData[[#This Row],[bmi]]<25,"Normal", IF(PatientData[[#This Row],[bmi]]<30,"Overweight","Obese"))) -> Underweight | R67: =IF(AND(D67<120,E67<80),"Normal BP","High BP") -> High BP | S67: =IF(N67>15000,"High Cost","Normal Cost") -> High Cost
A68: 91 | B68: Male | C68: 21.8 | D68: 147 | E68: 82 | F68: 249.8 | G68: 101 | H68: 68 | I68: 1 | J68: Urgent | K68: Cardiology | L68: High | M68: 8.1 | N68: 16513.74 | O68: No | P68: =IF(A65<30,"18-29",IF(A65<45,"30-44",IF(A65<60,"45-59",IF(A65<75,"60-74","75+")))) -> 75+ | Q68: =IF(PatientData[[#This Row],[bmi]]<18.5,"Underweight", IF(PatientData[[#This Row],[bmi]]<25,"Normal", IF(PatientData[[#This Row],[bmi]]<30,"Overweight","Obese"))) -> Normal | R68: =IF(AND(D68<120,E68<80),"Normal BP","High BP") -> High BP | S68: =IF(N68>15000,"High Cost","Normal Cost") -> High Cost
A69: 70 | B69: Female | C69: 11.7 | D69: 129 | E69: 74 | F69: 222.7 | G69: 102 | H69: 83 | I69: 3 | J69: Emergency | K69: Cardiology | L69: Medium | M69: 7.7 | N69: 16555.32 | O69: No | P69: =IF(A69<30,"18-29",IF(A69<45,"30-44",IF(A69<60,"45-59",IF(A69<75,"60-74","75+")))) -> 60-74 | Q69: =IF(PatientData[[#This Row],[bmi]]<18.5,"Underweight", IF(PatientData[[#This Row],[bmi]]<25,"Normal", IF(PatientData[[#This Row],[bmi]]<30,"Overweight","Obese"))) -> Underweight | R69: =IF(AND(D69<120,E69<80),"Normal BP","High BP") -> High BP | S69: =IF(N69>15000,"High Cost","Normal Cost") -> High Cost
A70: 60 | B70: Male | C70: 27.4 | D70: 123 | E70: 80 | F70: 229.5 | G70: 97.4 | H70: 82 | I70: 2 | J70: Urgent | K70: Respiratory | L70: Medium | M70: 6.8 | N70: 12757.05 | O70: No | P70: =IF(A67<30,"18-29",IF(A67<45,"30-44",IF(A67<60,"45-59",IF(A67<75,"60-74","75+")))) -> 60-74 | Q70: =IF(PatientData[[#This Row],[bmi]]<18.5,"Underweight", IF(PatientData[[#This Row],[bmi]]<25,"Normal", IF(PatientData[[#This Row],[bmi]]<30,"Overweight","Obese"))) -> Overweight | R70: =IF(AND(D70<120,E70<80),"Normal BP","High BP") -> High BP | S70: =IF(N70>15000,"High Cost","Normal Cost") -> Normal Cost
A71: 54 | B71: Female | C71: 11.7 | D71: 119 | E71: 68 | F71: 204 | G71: 180.6 | H71: 67 | I71: 4 | J71: Elective | K71: Orthopedics | L71: High | M71: 8.8 | N71: 18101.45 | O71: Yes | P71: =IF(A71<30,"18-29",IF(A71<45,"30-44",IF(A71<60,"45-59",IF(A71<75,"60-74","75+")))) -> 45-59 | Q71: =IF(PatientData[[#This Row],[bmi]]<18.5,"Underweight", IF(PatientData[[#This Row],[bmi]]<25,"Normal", IF(PatientData[[#This Row],[bmi]]<30,"Overweight","Obese"))) -> Underweight | R71: =IF(AND(D71<120,E71<80),"Normal BP","High BP") -> Normal BP | S71: =IF(N71>15000,"High Cost","Normal Cost") -> High Cost
A72: 82 | B72: Female | C72: 11.8 | D72: 121 | E72: 73 | F72: 244.5 | G72: 129.7 | H72: 80 | I72: 1 | J72: Elective | K72: Cardiology | L72: Medium | M72: 4 | N72: 8241.65 | O72: No | P72: =IF(A72<30,"18-29",IF(A72<45,"30-44",IF(A72<60,"45-59",IF(A72<75,"60-74","75+")))) -> 75+ | Q72: =IF(PatientData[[#This Row],[bmi]]<18.5,"Underweight", IF(PatientData[[#This Row],[bmi]]<25,"Normal", IF(PatientData[[#This Row],[bmi]]<30,"Overweight","Obese"))) -> Underweight | R72: =IF(AND(D72<120,E72<80),"Normal BP","High BP") -> High BP | S72: =IF(N72>15000,"High Cost","Normal Cost") -> Normal Cost
A73: 54 | B73: Male | C73: 26.3 | D73: 108 | E73: 63 | F73: 247.8 | G73: 133.5 | H73: 70 | I73: 3 | J73: Elective | K73: Cardiology | L73: High | M73: 5.8 | N73: 13317.66 | O73: No | P73: =IF(A70<30,"18-29",IF(A70<45,"30-44",IF(A70<60,"45-59",IF(A70<75,"60-74","75+")))) -> 60-74 | Q73: =IF(PatientData[[#This Row],[bmi]]<18.5,"Underweight", IF(PatientData[[#This Row],[bmi]]<25,"Normal", IF(PatientData[[#This Row],[bmi]]<30,"Overweight","Obese"))) -> Overweight | R73: =IF(AND(D73<120,E73<80),"Normal BP","High BP") -> Normal BP | S73: =IF(N73>15000,"High Cost","Normal Cost") -> Normal Cost
A74: 67 | B74: Male | C74: 26.9 | D74: 134 | E74: 75 | F74: 229.4 | G74: 125.4 | H74: 71 | I74: 1 | J74: Urgent | K74: Respiratory | L74: High | M74: 3.1 | N74: 6835.5 | O74: No | P74: =IF(A71<30,"18-29",IF(A71<45,"30-44",IF(A71<60,"45-59",IF(A71<75,"60-74","75+")))) -> 45-59 | Q74: =IF(PatientData[[#This Row],[bmi]]<18.5,"Underweight", IF(PatientData[[#This Row],[bmi]]<25,"Normal", IF(PatientData[[#This Row],[bmi]]<30,"Overweight","Obese"))) -> Overweight | R74: =IF(AND(D74<120,E74<80),"Normal BP","High BP") -> High BP | S74: =IF(N74>15000,"High Cost","Normal Cost") -> Normal Cost
A75: 66 | B75: Female | C75: 11.9 | D75: 120 | E75: 78 | F75: 200.2 | G75: 107.3 | H75: 71 | I75: 0 | J75: Elective | K75: Endocrinology | L75: High | M75: 3.8 | N75: 7447.6 | O75: No | P75: =IF(A75<30,"18-29",IF(A75<45,"30-44",IF(A75<60,"45-59",IF(A75<75,"60-74","75+")))) -> 60-74 | Q75: =IF(PatientData[[#This Row],[bmi]]<18.5,"Underweight", IF(PatientData[[#This Row],[bmi]]<25,"Normal", IF(PatientData[[#This Row],[bmi]]<30,"Overweight","Obese"))) -> Underweight | R75: =IF(AND(D75<120,E75<80),"Normal BP","High BP") -> High BP | S75: =IF(N75>15000,"High Cost","Normal Cost") -> Normal Cost
A76: 95 | B76: Female | C76: 12 | D76: 135 | E76: 76 | F76: 244 | G76: 125.2 | H76: 87 | I76: 1 | J76: Emergency | K76: Endocrinology | L76: Low | M76: 10.6 | N76: 19501.26 | O76: Yes | P76: =IF(A76<30,"18-29",IF(A76<45,"30-44",IF(A76<60,"45-59",IF(A76<75,"60-74","75+")))) -> 75+ | Q76: =IF(PatientData[[#This Row],[bmi]]<18.5,"Underweight", IF(PatientData[[#This Row],[bmi]]<25,"Normal", IF(PatientData[[#This Row],[bmi]]<30,"Overweight","Obese"))) -> Underweight | R76: =IF(AND(D76<120,E76<80),"Normal BP","High BP") -> High BP | S76: =IF(N76>15000,"High Cost","Normal Cost") -> High Cost
A77: 73 | B77: Female | C77: 12 | D77: 130 | E77: 78 | F77: 282.6 | G77: 137.2 | H77: 53 | I77: 1 | J77: Elective | K77: Endocrinology | L77: Medium | M77: 4.2 | N77: 7217.85 | O77: No | P77: =IF(A77<30,"18-29",IF(A77<45,"30-44",IF(A77<60,"45-59",IF(A77<75,"60-74","75+")))) -> 60-74 | Q77: =IF(PatientData[[#This Row],[bmi]]<18.5,"Underweight", IF(PatientData[[#This Row],[bmi]]<25,"Normal", IF(PatientData[[#This Row],[bmi]]<30,"Overweight","Obese"))) -> Underweight | R77: =IF(AND(D77<120,E77<80),"Normal BP","High BP") -> High BP | S77: =IF(N77>15000,"High Cost","Normal Cost") -> Normal Cost
A78: 95 | B78: Female | C78: 12 | D78: 157 | E78: 97 | F78: 290.8 | G78: 114.3 | H78: 87 | I78: 1 | J78: Urgent | K78: Orthopedics | L78: Medium | M78: 5.6 | N78: 12794.98 | O78: No | P78: =IF(A78<30,"18-29",IF(A78<45,"30-44",IF(A78<60,"45-59",IF(A78<75,"60-74","75+")))) -> 75+ | Q78: =IF(PatientData[[#This Row],[bmi]]<18.5,"Underweight", IF(PatientData[[#This Row],[bmi]]<25,"Normal", IF(PatientData[[#This Row],[bmi]]<30,"Overweight","Obese"))) -> Underweight | R78: =IF(AND(D78<120,E78<80),"Normal BP","High BP") -> High BP | S78: =IF(N78>15000,"High Cost","Normal Cost") -> Normal Cost
A79: 83 | B79: Male | C79: 35.2 | D79: 137 | E79: 81 | F79: 237 | G79: 108.3 | H79: 79 | I79: 2 | J79: Urgent | K79: Respiratory | L79: High | M79: 2.8 | N79: 6382.93 | O79: No | P79: =IF(A76<30,"18-29",IF(A76<45,"30-44",IF(A76<60,"45-59",IF(A76<75,"60-74","75+")))) -> 75+ | Q79: =IF(PatientData[[#This Row],[bmi]]<18.5,"Underweight", IF(PatientData[[#This Row],[bmi]]<25,"Normal", IF(PatientData[[#This Row],[bmi]]<30,"Overweight","Obese"))) -> Obese | R79: =IF(AND(D79<120,E79<80),"Normal BP","High BP") -> High BP | S79: =IF(N79>15000,"High Cost","Normal Cost") -> Normal Cost
A80: 88 | B80: Male | C80: 22.4 | D80: 158 | E80: 96 | F80: 252.8 | G80: 186.5 | H80: 93 | I80: 0 | J80: Emergency | K80: Endocrinology | L80: Medium | M80: 6.2 | N80: 13077.19 | O80: No | P80: =IF(A77<30,"18-29",IF(A77<45,"30-44",IF(A77<60,"45-59",IF(A77<75,"60-74","75+")))) -> 60-74 | Q80: =IF(PatientData[[#This Row],[bmi]]<18.5,"Underweight", IF(PatientData[[#This Row],[bmi]]<25,"Normal", IF(PatientData[[#This Row],[bmi]]<30,"Overweight","Obese"))) -> Normal | R80: =IF(AND(D80<120,E80<80),"Normal BP","High BP") -> High BP | S80: =IF(N80>15000,"High Cost","Normal Cost") -> Normal Cost
A81: 75 | B81: Male | C81: 30 | D81: 142 | E81: 89 | F81: 267.4 | G81: 126.9 | H81: 70 | I81: 1 | J81: Elective | K81: Respiratory | L81: High | M81: 6.6 | N81: 10605.64 | O81: No | P81: =IF(A78<30,"18-29",IF(A78<45,"30-44",IF(A78<60,"45-59",IF(A78<75,"60-74","75+")))) -> 75+ | Q81: =IF(PatientData[[#This Row],[bmi]]<18.5,"Underweight", IF(PatientData[[#This Row],[bmi]]<25,"Normal", IF(PatientData[[#This Row],[bmi]]<30,"Overweight","Obese"))) -> Obese | R81: =IF(AND(D81<120,E81<80),"Normal BP","High BP") -> High BP | S81: =IF(N81>15000,"High Cost","Normal Cost") -> Normal Cost
A82: 61 | B82: Female | C82: 12.1 | D82: 148 | E82: 91 | F82: 237.8 | G82: 144 | H82: 63 | I82: 0 | J82: Urgent | K82: Endocrinology | L82: High | M82: 2.7 | N82: 5916.56 | O82: No | P82: =IF(A82<30,"18-29",IF(A82<45,"30-44",IF(A82<60,"45-59",IF(A82<75,"60-74","75+")))) -> 60-74 | Q82: =IF(PatientData[[#This Row],[bmi]]<18.5,"Underweight", IF(PatientData[[#This Row],[bmi]]<25,"Normal", IF(PatientData[[#This Row],[bmi]]<30,"Overweight","Obese"))) -> Underweight | R82: =IF(AND(D82<120,E82<80),"Normal BP","High BP") -> High BP | S82: =IF(N82>15000,"High Cost","Normal Cost") -> Normal Cost
A83: 62 | B83: Female | C83: 12.3 | D83: 140 | E83: 89 | F83: 226.7 | G83: 128 | H83: 97 | I83: 0 | J83: Elective | K83: Endocrinology | L83: Medium | M83: 4.3 | N83: 9360.82 | O83: No | P83: =IF(A83<30,"18-29",IF(A83<45,"30-44",IF(A83<60,"45-59",IF(A83<75,"60-74","75+")))) -> 60-74 | Q83: =IF(PatientData[[#This Row],[bmi]]<18.5,"Underweight", IF(PatientData[[#This Row],[bmi]]<25,"Normal", IF(PatientData[[#This Row],[bmi]]<30,"Overweight","Obese"))) -> Underweight | R83: =IF(AND(D83<120,E83<80),"Normal BP","High BP") -> High BP | S83: =IF(N83>15000,"High Cost","Normal Cost") -> Normal Cost
A84: 72 | B84: Male | C84: 41.8 | D84: 137 | E84: 90 | F84: 278.5 | G84: 153.7 | H84: 79 | I84: 2 | J84: Urgent | K84: Cardiology | L84: Medium | M84: 5.7 | N84: 12942.07 | O84: Yes | P84: =IF(A81<30,"18-29",IF(A81<45,"30-44",IF(A81<60,"45-59",IF(A81<75,"60-74","75+")))) -> 75+ | Q84: =IF(PatientData[[#This Row],[bmi]]<18.5,"Underweight", IF(PatientData[[#This Row],[bmi]]<25,"Normal", IF(PatientData[[#This Row],[bmi]]<30,"Overweight","Obese"))) -> Obese | R84: =IF(AND(D84<120,E84<80),"Normal BP","High BP") -> High BP | S84: =IF(N84>15000,"High Cost","Normal Cost") -> Normal Cost
A85: 87 | B85: Male | C85: 24.1 | D85: 151 | E85: 92 | F85: 176.4 | G85: 136.3 | H85: 97 | I85: 0 | J85: Urgent | K85: Endocrinology | L85: Medium | M85: 2.5 | N85: 6545.27 | O85: No | P85: =IF(A82<30,"18-29",IF(A82<45,"30-44",IF(A82<60,"45-59",IF(A82<75,"60-74","75+")))) -> 60-74 | Q85: =IF(PatientData[[#This Row],[bmi]]<18.5,"Underweight", IF(PatientData[[#This Row],[bmi]]<25,"Normal", IF(PatientData[[#This Row],[bmi]]<30,"Overweight","Obese"))) -> Normal | R85: =IF(AND(D85<120,E85<80),"Normal BP","High BP") -> High BP | S85: =IF(N85>15000,"High Cost","Normal Cost") -> Normal Cost
A86: 45 | B86: Male | C86: 36 | D86: 128 | E86: 76 | F86: 223.5 | G86: 134.5 | H86: 79 | I86: 1 | J86: Emergency | K86: Cardiology | L86: Medium | M86: 14.8 | N86: 25979.76 | O86: No | P86: =IF(A83<30,"18-29",IF(A83<45,"30-44",IF(A83<60,"45-59",IF(A83<75,"60-74","75+")))) -> 60-74 | Q86: =IF(PatientData[[#This Row],[bmi]]<18.5,"Underweight", IF(PatientData[[#This Row],[bmi]]<25,"Normal", IF(PatientData[[#This Row],[bmi]]<30,"Overweight","Obese"))) -> Obese | R86: =IF(AND(D86<120,E86<80),"Normal BP","High BP") -> High BP | S86: =IF(N86>15000,"High Cost","Normal Cost") -> High Cost
A87: 55 | B87: Male | C87: 34.2 | D87: 137 | E87: 73 | F87: 223.9 | G87: 102.2 | H87: 56 | I87: 0 | J87: Urgent | K87: Respiratory | L87: High | M87: 11 | N87: 21547.35 | O87: No | P87: =IF(A84<30,"18-29",IF(A84<45,"30-44",IF(A84<60,"45-59",IF(A84<75,"60-74","75+")))) -> 60-74 | Q87: =IF(PatientData[[#This Row],[bmi]]<18.5,"Underweight", IF(PatientData[[#This Row],[bmi]]<25,"Normal", IF(PatientData[[#This Row],[bmi]]<30,"Overweight","Obese"))) -> Obese | R87: =IF(AND(D87<120,E87<80),"Normal BP","High BP") -> High BP | S87: =IF(N87>15000,"High Cost","Normal Cost") -> High Cost
A88: 56 | B88: Female | C88: 12.6 | D88: 126 | E88: 75 | F88: 211.3 | G88: 116.4 | H88: 87 | I88: 1 | J88: Emergency | K88: Respiratory | L88: High | M88: 8.6 | N88: 16196.46 | O88: No | P88: =IF(A88<30,"18-29",IF(A88<45,"30-44",IF(A88<60,"45-59",IF(A88<75,"60-74","75+")))) -> 45-59 | Q88: =IF(PatientData[[#This Row],[bmi]]<18.5,"Underweight", IF(PatientData[[#This Row],[bmi]]<25,"Normal", IF(PatientData[[#This Row],[bmi]]<30,"Overweight","Obese"))) -> Underweight | R88: =IF(AND(D88<120,E88<80),"Normal BP","High BP") -> High BP | S88: =IF(N88>15000,"High Cost","Normal Cost") -> High Cost
A89: 79 | B89: Female | C89: 12.7 | D89: 102 | E89: 60 | F89: 243.5 | G89: 136.1 | H89: 67 | I89: 0 | J89: Urgent | K89: Cardiology | L89: Low | M89: 4 | N89: 9299.51 | O89: No | P89: =IF(A89<30,"18-29",IF(A89<45,"30-44",IF(A89<60,"45-59",IF(A89<75,"60-74","75+")))) -> 75+ | Q89: =IF(PatientData[[#This Row],[bmi]]<18.5,"Underweight", IF(PatientData[[#This Row],[bmi]]<25,"Normal", IF(PatientData[[#This Row],[bmi]]<30,"Overweight","Obese"))) -> Underweight | R89: =IF(AND(D89<120,E89<80),"Normal BP","High BP") -> Normal BP | S89: =IF(N89>15000,"High Cost","Normal Cost") -> Normal Cost
A90: 70 | B90: Female | C90: 12.7 | D90: 133 | E90: 72 | F90: 227.9 | G90: 102.4 | H90: 82 | I90: 1 | J90: Elective | K90: Cardiology | L90: Medium | M90: 4.4 | N90: 10981.55 | O90: No | P90: =IF(A90<30,"18-29",IF(A90<45,"30-44",IF(A90<60,"45-59",IF(A90<75,"60-74","75+")))) -> 60-74 | Q90: =IF(PatientData[[#This Row],[bmi]]<18.5,"Underweight", IF(PatientData[[#This Row],[bmi]]<25,"Normal", IF(PatientData[[#This Row],[bmi]]<30,"Overweight","Obese"))) -> Underweight | R90: =IF(AND(D90<120,E90<80),"Normal BP","High BP") -> High BP | S90: =IF(N90>15000,"High Cost","Normal Cost") -> Normal Cost
A91: 48 | B91: Male | C91: 27.2 | D91: 125 | E91: 71 | F91: 225.5 | G91: 157.8 | H91: 82 | I91: 3 | J91: Emergency | K91: Respiratory | L91: High | M91: 9.2 | N91: 18582.94 | O91: No | P91: =IF(A88<30,"18-29",IF(A88<45,"30-44",IF(A88<60,"45-59",IF(A88<75,"60-74","75+")))) -> 45-59 | Q91: =IF(PatientData[[#This Row],[bmi]]<18.5,"Underweight", IF(PatientData[[#This Row],[bmi]]<25,"Normal", IF(PatientData[[#This Row],[bmi]]<30,"Overweight","Obese"))) -> Overweight | R91: =IF(AND(D91<120,E91<80),"Normal BP","High BP") -> High BP | S91: =IF(N91>15000,"High Cost","Normal Cost") -> High Cost
A92: 73 | B92: Male | C92: 27.1 | D92: 123 | E92: 74 | F92: 233 | G92: 154.9 | H92: 68 | I92: 0 | J92: Emergency | K92: Endocrinology | L92: Medium | M92: 7.4 | N92: 16492.62 | O92: No | P92: =IF(A89<30,"18-29",IF(A89<45,"30-44",IF(A89<60,"45-59",IF(A89<75,"60-74","75+")))) -> 75+ | Q92: =IF(PatientData[[#This Row],[bmi]]<18.5,"Underweight", IF(PatientData[[#This Row],[bmi]]<25,"Normal", IF(PatientData[[#This Row],[bmi]]<30,"Overweight","Obese"))) -> Overweight | R92: =IF(AND(D92<120,E92<80),"Normal BP","High BP") -> High BP | S92: =IF(N92>15000,"High Cost","Normal Cost") -> High Cost
A93: 64 | B93: Female | C93: 12.8 | D93: 153 | E93: 84 | F93: 268.5 | G93: 96.2 | H93: 75 | I93: 1 | J93: Urgent | K93: Orthopedics | L93: High | M93: 13.8 | N93: 23754.54 | O93: No | P93: =IF(A93<30,"18-29",IF(A93<45,"30-44",IF(A93<60,"45-59",IF(A93<75,"60-74","75+")))) -> 60-74 | Q93: =IF(PatientData[[#This Row],[bmi]]<18.5,"Underweight", IF(PatientData[[#This Row],[bmi]]<25,"Normal", IF(PatientData[[#This Row],[bmi]]<30,"Overweight","Obese"))) -> Underweight | R93: =IF(AND(D93<120,E93<80),"Normal BP","High BP") -> High BP | S93: =IF(N93>15000,"High Cost","Normal Cost") -> High Cost
A94: 51 | B94: Female | C94: 13.2 | D94: 111 | E94: 70 | F94: 200.6 | G94: 142.1 | H94: 90 | I94: 3 | J94: Urgent | K94: Cardiology | L94: Medium | M94: 7.6 | N94: 15193.92 | O94: No | P94: =IF(A94<30,"18-29",IF(A94<45,"30-44",IF(A94<60,"45-59",IF(A94<75,"60-74","75+")))) -> 45-59 | Q94: =IF(PatientData[[#This Row],[bmi]]<18.5,"Underweight", IF(PatientData[[#This Row],[bmi]]<25,"Normal", IF(PatientData[[#This Row],[bmi]]<30,"Overweight","Obese"))) -> Underweight | R94: =IF(AND(D94<120,E94<80),"Normal BP","High BP") -> Normal BP | S94: =IF(N94>15000,"High Cost","Normal Cost") -> High Cost
A95: 46 | B95: Female | C95: 13.3 | D95: 123 | E95: 76 | F95: 262.6 | G95: 159 | H95: 73 | I95: 2 | J95: Emergency | K95: Endocrinology | L95: Low | M95: 9.5 | N95: 17069.31 | O95: Yes | P95: =IF(A95<30,"18-29",IF(A95<45,"30-44",IF(A95<60,"45-59",IF(A95<75,"60-74","75+")))) -> 45-59 | Q95: =IF(PatientData[[#This Row],[bmi]]<18.5,"Underweight", IF(PatientData[[#This Row],[bmi]]<25,"Normal", IF(PatientData[[#This Row],[bmi]]<30,"Overweight","Obese"))) -> Underweight | R95: =IF(AND(D95<120,E95<80),"Normal BP","High BP") -> High BP | S95: =IF(N95>15000,"High Cost","Normal Cost") -> High Cost
A96: 56 | B96: Female | C96: 13.4 | D96: 120 | E96: 69 | F96: 244.7 | G96: 165 | H96: 75 | I96: 4 | J96: Emergency | K96: Endocrinology | L96: High | M96: 9.2 | N96: 17188.32 | O96: No | P96: =IF(A96<30,"18-29",IF(A96<45,"30-44",IF(A96<60,"45-59",IF(A96<75,"60-74","75+")))) -> 45-59 | Q96: =IF(PatientData[[#This Row],[bmi]]<18.5,"Underweight", IF(PatientData[[#This Row],[bmi]]<25,"Normal", IF(PatientData[[#This Row],[bmi]]<30,"Overweight","Obese"))) -> Underweight | R96: =IF(AND(D96<120,E96<80),"Normal BP","High BP") -> High BP | S96: =IF(N96>15000,"High Cost","Normal Cost") -> High Cost
A97: 54 | B97: Female | C97: 13.4 | D97: 125 | E97: 68 | F97: 208.9 | G97: 119.2 | H97: 70 | I97: 0 | J97: Urgent | K97: Endocrinology | L97: Medium | M97: 2.2 | N97: 5150.95 | O97: No | P97: =IF(A97<30,"18-29",IF(A97<45,"30-44",IF(A97<60,"45-59",IF(A97<75,"60-74","75+")))) -> 45-59 | Q97: =IF(PatientData[[#This Row],[bmi]]<18.5,"Underweight", IF(PatientData[[#This Row],[bmi]]<25,"Normal", IF(PatientData[[#This Row],[bmi]]<30,"Overweight","Obese"))) -> Underweight | R97: =IF(AND(D97<120,E97<80),"Normal BP","High BP") -> High BP | S97: =IF(N97>15000,"High Cost","Normal Cost") -> Normal Cost
A98: 67 | B98: Female | C98: 13.5 | D98: 138 | E98: 78 | F98: 230.5 | G98: 135.2 | H98: 91 | I98: 5 | J98: Emergency | K98: Endocrinology | L98: Low | M98: 6.2 | N98: 13409.3 | O98: No | P98: =IF(A98<30,"18-29",IF(A98<45,"30-44",IF(A98<60,"45-59",IF(A98<75,"60-74","75+")))) -> 60-74 | Q98: =IF(PatientData[[#This Row],[bmi]]<18.5,"Underweight", IF(PatientData[[#This Row],[bmi]]<25,"Normal", IF(PatientData[[#This Row],[bmi]]<30,"Overweight","Obese"))) -> Underweight | R98: =IF(AND(D98<120,E98<80),"Normal BP","High BP") -> High BP | S98: =IF(N98>15000,"High Cost","Normal Cost") -> Normal Cost
A99: 49 | B99: Male | C99: 19.2 | D99: 126 | E99: 84 | F99: 173.3 | G99: 149 | H99: 72 | I99: 2 | J99: Elective | K99: Respiratory | L99: High | M99: 2.9 | N99: 5659.64 | O99: No | P99: =IF(A96<30,"18-29",IF(A96<45,"30-44",IF(A96<60,"45-59",IF(A96<75,"60-74","75+")))) -> 45-59 | Q99: =IF(PatientData[[#This Row],[bmi]]<18.5,"Underweight", IF(PatientData[[#This Row],[bmi]]<25,"Normal", IF(PatientData[[#This Row],[bmi]]<30,"Overweight","Obese"))) -> Normal | R99: =IF(AND(D99<120,E99<80),"Normal BP","High BP") -> High BP | S99: =IF(N99>15000,"High Cost","Normal Cost") -> Normal Cost
A100: 54 | B100: Male | C100: 39.7 | D100: 135 | E100: 81 | F100: 271.3 | G100: 123.8 | H100: 68 | I100: 0 | J100: Emergency | K100: Orthopedics | L100: Low | M100: 7.9 | N100: 19054.41 | O100: No | P100: =IF(A97<30,"18-29",IF(A97<45,"30-44",IF(A97<60,"45-59",IF(A97<75,"60-74","75+")))) -> 45-59 | Q100: =IF(PatientData[[#This Row],[bmi]]<18.5,"Underweight", IF(PatientData[[#This Row],[bmi]]<25,"Normal", IF(PatientData[[#This Row],[bmi]]<30,"Overweight","Obese"))) -> Obese | R100: =IF(AND(D100<120,E100<80),"Normal BP","High BP") -> High BP | S100: =IF(N100>15000,"High Cost","Normal Cost") -> High Cost
...

Sheet KPI
A1: KPI Name | B1: Value
A2: Total Patients | B2: =COUNTA(PatientData[patient_age]) -> 10000
A3: Average Age | B3: =AVERAGE(PatientData[patient_age]) -> 64.7691
A4: Average BMI | B4: =AVERAGE(PatientData[bmi]) -> 27.53847
A5: Average Treatment Cost | B5: =AVERAGE(PatientData[treatment_cost_usd]) -> 14530.785
A6: Average Length of Stay | B6: =AVERAGE(PatientData[length_of_stay_days]) -> 7.29183
A7: Readmission Count | B7: =COUNTIF(PatientData[readmission_30_days],"Yes") -> 1202
A8: Readmission Rate | B8: =COUNTIF(PatientData[readmission_30_days],"Yes")/COUNTA(PatientData[patient_age]) -> 0.1202

Sheet Dashboard
A1: Healthcare Patient Analysis Dashboard
A3: Total Patients | F3: Average Age | K3: Average BMI | P3: Average Treatment Cost | U3: Average Length of Stay | Z3: Readmission Rate
A4: =KPI!B2 -> 10000 | F4: =KPI!B3 -> 64.7691 | K4: =KPI!B4 -> 27.53847 | P4: =KPI!B5 -> 14530.785 | U4: =KPI!B6 -> 7.29183 | Z4: =KPI!B8 -> 0.1202
A37: Healthcare Patient Analysis Dashboard Created by: Rakshitha Sudharshna Tools Used: Advanced Excel | PivotTables | PivotCharts | Slicers | Dashboard | Data Analysis
